Station,"Date and Time","Air Temp","Solar Rad",Precip
id,"date time","deg F",W/m2,in
ftc01,"09/20/2024 00:00",52.56,0.0,0.0
ftc01,"09/20/2024 00:05",51.3,0.0,0.0
ftc01,"09/20/2024 00:10",50.72,0.0,0.0
ftc01,"09/20/2024 00:15",51.06,0.0,0.0
ftc01,"09/20/2024 00:20",51.69,0.0,0.0
ftc01,"09/20/2024 00:25",51.73,0.0,0.0
ftc01,"09/20/2024 00:30",51.84,0.0,0.0
ftc01,"09/20/2024 00:35",51.87,0.0,0.0
ftc01,"09/20/2024 00:40",51.98,0.0,0.0
ftc01,"09/20/2024 00:45",52.07,0.0,0.0
ftc01,"09/20/2024 00:50",51.96,0.0,0.0
ftc01,"09/20/2024 00:55",53.06,0.0,0.0
ftc01,"09/20/2024 01:00",53.11,0.0,0.0
ftc01,"09/20/2024 01:05",54.23,0.0,0.0
ftc01,"09/20/2024 01:10",55.99,0.0,0.0
ftc01,"09/20/2024 01:15",57.96,0.0,0.0
ftc01,"09/20/2024 01:20",58.68,0.0,0.0
ftc01,"09/20/2024 01:25",59.52,0.0,0.0
ftc01,"09/20/2024 01:30",59.85,0.0,0.0
ftc01,"09/20/2024 01:35",58.35,0.0,0.0
ftc01,"09/20/2024 01:40",58.23,0.0,0.0
ftc01,"09/20/2024 01:45",59.05,0.0,0.0
ftc01,"09/20/2024 01:50",59.05,0.0,0.0
ftc01,"09/20/2024 01:55",59.54,0.0,0.0
ftc01,"09/20/2024 02:00",59.13,0.0,0.0
ftc01,"09/20/2024 02:05",55.76,0.0,0.0
ftc01,"09/20/2024 02:10",54.55,0.0,0.0
ftc01,"09/20/2024 02:15",54.14,0.0,0.0
ftc01,"09/20/2024 02:20",54.27,0.0,0.0
ftc01,"09/20/2024 02:25",53.82,0.0,0.0
ftc01,"09/20/2024 02:30",52.63,0.0,0.0
ftc01,"09/20/2024 02:35",52.27,0.0,0.0
ftc01,"09/20/2024 02:40",52.12,0.0,0.0
ftc01,"09/20/2024 02:45",51.48,0.0,0.0
ftc01,"09/20/2024 02:50",51.13,0.0,0.0
ftc01,"09/20/2024 02:55",51.12,0.0,0.0
ftc01,"09/20/2024 03:00",50.45,0.0,0.0
ftc01,"09/20/2024 03:05",50.76,0.0,0.0
ftc01,"09/20/2024 03:10",50.0,0.0,0.0
ftc01,"09/20/2024 03:15",49.66,0.0,0.0
ftc01,"09/20/2024 03:20",49.95,0.0,0.0
ftc01,"09/20/2024 03:25",50.56,0.0,0.0
ftc01,"09/20/2024 03:30",50.14,0.0,0.0
ftc01,"09/20/2024 03:35",49.44,0.0,0.0
ftc01,"09/20/2024 03:40",48.65,0.0,0.0
ftc01,"09/20/2024 03:45",48.43,0.0,0.0
ftc01,"09/20/2024 03:50",47.89,0.0,0.0
ftc01,"09/20/2024 03:55",47.8,0.0,0.0
ftc01,"09/20/2024 04:00",47.48,0.0,0.0
ftc01,"09/20/2024 04:05",47.41,0.0,0.0
ftc01,"09/20/2024 04:10",47.21,0.0,0.0
ftc01,"09/20/2024 04:15",47.05,0.0,0.0
ftc01,"09/20/2024 04:20",46.4,0.0,0.0
ftc01,"09/20/2024 04:25",45.38,0.0,0.0
ftc01,"09/20/2024 04:30",45.17,0.0,0.0
ftc01,"09/20/2024 04:35",45.8,0.0,0.0
ftc01,"09/20/2024 04:40",46.78,0.0,0.0
ftc01,"09/20/2024 04:45",47.23,0.0,0.0
ftc01,"09/20/2024 04:50",46.74,0.0,0.0
ftc01,"09/20/2024 04:55",46.96,0.0,0.0
ftc01,"09/20/2024 05:00",46.49,0.0,0.0
ftc01,"09/20/2024 05:05",46.36,0.0,0.0
ftc01,"09/20/2024 05:10",46.76,0.0,0.0
ftc01,"09/20/2024 05:15",47.28,0.0,0.0
ftc01,"09/20/2024 05:20",47.35,0.0,0.0
ftc01,"09/20/2024 05:25",47.05,0.0,0.0
ftc01,"09/20/2024 05:30",46.87,0.0,0.0
ftc01,"09/20/2024 05:35",48.85,0.52,0.0
ftc01,"09/20/2024 05:40",49.17,2.05,0.0
ftc01,"09/20/2024 05:45",49.05,2.43,0.0
ftc01,"09/20/2024 05:50",51.13,3.08,0.0
ftc01,"09/20/2024 05:55",49.62,5.7,0.0
ftc01,"09/20/2024 06:00",48.63,9.4,0.0
ftc01,"09/20/2024 06:05",49.05,13.1,0.0
ftc01,"09/20/2024 06:10",49.57,16.37,0.0
ftc01,"09/20/2024 06:15",49.8,18.88,0.0
ftc01,"09/20/2024 06:20",50.16,35.4,0.0
ftc01,"09/20/2024 06:25",49.84,41.82,0.0
ftc01,"09/20/2024 06:30",48.72,35.9,0.0
ftc01,"09/20/2024 06:35",49.24,33.02,0.0
ftc01,"09/20/2024 06:40",49.55,36.92,0.0
ftc01,"09/20/2024 06:45",49.68,40.63,0.0
ftc01,"09/20/2024 06:50",49.55,36.08,0.0
ftc01,"09/20/2024 06:55",49.75,44.28,0.0
ftc01,"09/20/2024 07:00",50.11,49.9,0.0
ftc01,"09/20/2024 07:05",50.2,49.3,0.0
ftc01,"09/20/2024 07:10",50.52,48.62,0.0
ftc01,"09/20/2024 07:15",50.92,77.78,0.0
ftc01,"09/20/2024 07:20",51.21,85.48,0.0
ftc01,"09/20/2024 07:25",52.3,201.5,0.0
ftc01,"09/20/2024 07:30",55.11,283.83,0.0
ftc01,"09/20/2024 07:35",58.64,307.33,0.0
ftc01,"09/20/2024 07:40",61.27,327.5,0.0
ftc01,"09/20/2024 07:45",63.55,338.33,0.0
ftc01,"09/20/2024 07:50",65.52,350.5,0.0
ftc01,"09/20/2024 07:55",66.36,359.33,0.0
ftc01,"09/20/2024 08:00",67.71,372.0,0.0
ftc01,"09/20/2024 08:05",68.67,335.5,0.0
ftc01,"09/20/2024 08:10",68.67,373.33,0.0
ftc01,"09/20/2024 08:15",68.65,398.83,0.0
ftc01,"09/20/2024 08:20",69.31,383.17,0.0
ftc01,"09/20/2024 08:25",69.53,397.83,0.0
ftc01,"09/20/2024 08:30",69.8,438.0,0.0
ftc01,"09/20/2024 08:35",69.94,393.33,0.0
ftc01,"09/20/2024 08:40",69.94,438.83,0.0
ftc01,"09/20/2024 08:45",69.94,294.0,0.0
ftc01,"09/20/2024 08:50",68.41,339.83,0.0
ftc01,"09/20/2024 08:55",67.66,419.33,0.0
ftc01,"09/20/2024 09:00",67.59,489.33,0.0
ftc01,"09/20/2024 09:05",68.25,595.33,0.0
ftc01,"09/20/2024 09:10",69.17,572.33,0.0
ftc01,"09/20/2024 09:15",70.27,605.67,0.0
ftc01,"09/20/2024 09:20",70.9,613.17,0.0
ftc01,"09/20/2024 09:25",71.04,597.67,0.0
ftc01,"09/20/2024 09:30",71.89,600.67,0.0
ftc01,"09/20/2024 09:35",72.34,610.0,0.0
ftc01,"09/20/2024 09:40",72.03,619.83,0.0
ftc01,"09/20/2024 09:45",72.01,630.33,0.0
ftc01,"09/20/2024 09:50",71.98,639.67,0.0
ftc01,"09/20/2024 09:55",73.42,649.83,0.0
ftc01,"09/20/2024 10:00",73.87,659.0,0.0
ftc01,"09/20/2024 10:05",74.21,669.17,0.0
ftc01,"09/20/2024 10:10",74.41,677.33,0.0
ftc01,"09/20/2024 10:15",74.89,686.0,0.0
ftc01,"09/20/2024 10:20",75.51,693.5,0.0
ftc01,"09/20/2024 10:25",76.1,700.83,0.0
ftc01,"09/20/2024 10:30",76.42,709.17,0.0
ftc01,"09/20/2024 10:35",77.0,717.67,0.0
ftc01,"09/20/2024 10:40",77.36,722.67,0.0
ftc01,"09/20/2024 10:45",77.74,730.5,0.0
ftc01,"09/20/2024 10:50",76.75,734.33,0.0
ftc01,"09/20/2024 10:55",77.54,740.67,0.0
ftc01,"09/20/2024 11:00",77.7,747.33,0.0
ftc01,"09/20/2024 11:05",78.12,751.33,0.0
ftc01,"09/20/2024 11:10",78.82,756.83,0.0
ftc01,"09/20/2024 11:15",78.62,759.17,0.0
ftc01,"09/20/2024 11:20",78.82,750.67,0.0
ftc01,"09/20/2024 11:25",79.14,769.33,0.0
ftc01,"09/20/2024 11:30",79.54,773.83,0.0
ftc01,"09/20/2024 11:35",79.68,775.0,0.0
ftc01,"09/20/2024 11:40",79.54,778.0,0.0
ftc01,"09/20/2024 11:45",79.63,780.17,0.0
ftc01,"09/20/2024 11:50",80.01,781.5,0.0
ftc01,"09/20/2024 11:55",79.84,782.17,0.0
ftc01,"09/20/2024 12:00",80.17,782.67,0.0
ftc01,"09/20/2024 12:05",80.82,781.67,0.0
ftc01,"09/20/2024 12:10",81.28,780.5,0.0
ftc01,"09/20/2024 12:15",80.73,779.83,0.0
ftc01,"09/20/2024 12:20",81.16,775.67,0.0
ftc01,"09/20/2024 12:25",80.49,774.5,0.0
ftc01,"09/20/2024 12:30",80.11,766.17,0.0
ftc01,"09/20/2024 12:35",80.76,769.33,0.0
ftc01,"09/20/2024 12:40",81.05,766.67,0.0
ftc01,"09/20/2024 12:45",81.03,722.67,0.0
ftc01,"09/20/2024 12:50",80.92,761.33,0.0
ftc01,"09/20/2024 12:55",80.38,723.5,0.0
ftc01,"09/20/2024 13:00",80.87,749.67,0.0
ftc01,"09/20/2024 13:05",81.14,673.33,0.0
ftc01,"09/20/2024 13:10",81.21,722.17,0.0
ftc01,"09/20/2024 13:15",80.69,620.67,0.0
ftc01,"09/20/2024 13:20",81.28,684.33,0.0
ftc01,"09/20/2024 13:25",81.52,731.0,0.0
ftc01,"09/20/2024 13:30",82.65,718.0,0.0
ftc01,"09/20/2024 13:35",82.67,717.17,0.0
ftc01,"09/20/2024 13:40",82.17,713.67,0.0
ftc01,"09/20/2024 13:45",81.75,701.67,0.0
ftc01,"09/20/2024 13:50",82.49,690.5,0.0
ftc01,"09/20/2024 13:55",82.9,683.17,0.0
ftc01,"09/20/2024 14:00",82.53,675.5,0.0
ftc01,"09/20/2024 14:05",82.04,654.33,0.0
ftc01,"09/20/2024 14:10",81.81,642.0,0.0
ftc01,"09/20/2024 14:15",82.36,626.83,0.0
ftc01,"09/20/2024 14:20",82.04,614.17,0.0
ftc01,"09/20/2024 14:25",81.84,603.33,0.0
ftc01,"09/20/2024 14:30",82.49,591.17,0.0
ftc01,"09/20/2024 14:35",82.2,579.33,0.0
ftc01,"09/20/2024 14:40",81.81,565.33,0.0
ftc01,"09/20/2024 14:45",81.95,557.17,0.0
ftc01,"09/20/2024 14:50",82.87,545.83,0.0
ftc01,"09/20/2024 14:55",82.99,543.67,0.0
ftc01,"09/20/2024 15:00",82.9,492.67,0.0
ftc01,"09/20/2024 15:05",83.21,536.17,0.0
ftc01,"09/20/2024 15:10",83.39,516.33,0.0
ftc01,"09/20/2024 15:15",83.05,495.0,0.0
ftc01,"09/20/2024 15:20",82.54,422.5,0.0
ftc01,"09/20/2024 15:25",82.45,472.0,0.0
ftc01,"09/20/2024 15:30",82.38,454.33,0.0
ftc01,"09/20/2024 15:35",82.6,440.33,0.0
ftc01,"09/20/2024 15:40",82.36,409.5,0.0
ftc01,"09/20/2024 15:45",81.91,389.33,0.0
ftc01,"09/20/2024 15:50",81.97,373.0,0.0
ftc01,"09/20/2024 15:55",82.04,357.83,0.0
ftc01,"09/20/2024 16:00",81.43,342.33,0.0
ftc01,"09/20/2024 16:05",81.36,324.67,0.0
ftc01,"09/20/2024 16:10",81.5,310.17,0.0
ftc01,"09/20/2024 16:15",81.36,295.5,0.0
ftc01,"09/20/2024 16:20",81.45,280.5,0.0
ftc01,"09/20/2024 16:25",81.55,264.17,0.0
ftc01,"09/20/2024 16:30",81.09,247.5,0.0
ftc01,"09/20/2024 16:35",81.05,232.17,0.0
ftc01,"09/20/2024 16:40",81.25,215.5,0.0
ftc01,"09/20/2024 16:45",81.25,200.5,0.0
ftc01,"09/20/2024 16:50",81.03,186.17,0.0
ftc01,"09/20/2024 16:55",81.16,171.17,0.0
ftc01,"09/20/2024 17:00",81.03,156.0,0.0
ftc01,"09/20/2024 17:05",80.94,142.0,0.0
ftc01,"09/20/2024 17:10",80.96,128.17,0.0
ftc01,"09/20/2024 17:15",80.28,114.33,0.0
ftc01,"09/20/2024 17:20",79.36,96.67,0.0
ftc01,"09/20/2024 17:25",78.78,77.52,0.0
ftc01,"09/20/2024 17:30",77.54,57.5,0.0
ftc01,"09/20/2024 17:35",76.8,18.72,0.0
ftc01,"09/20/2024 17:40",75.9,14.35,0.0
ftc01,"09/20/2024 17:45",74.62,11.82,0.0
ftc01,"09/20/2024 17:50",72.63,9.27,0.0
ftc01,"09/20/2024 17:55",70.03,6.93,0.0
ftc01,"09/20/2024 18:00",69.17,4.9,0.0
ftc01,"09/20/2024 18:05",68.7,3.28,0.0
ftc01,"09/20/2024 18:10",68.02,2.0,0.0
ftc01,"09/20/2024 18:15",67.19,0.98,0.0
ftc01,"09/20/2024 18:20",66.87,0.68,0.0
ftc01,"09/20/2024 18:25",66.11,0.0,0.0
ftc01,"09/20/2024 18:30",65.37,0.0,0.0
ftc01,"09/20/2024 18:35",64.87,0.0,0.0
ftc01,"09/20/2024 18:40",64.18,0.0,0.0
ftc01,"09/20/2024 18:45",63.37,0.0,0.0
ftc01,"09/20/2024 18:50",62.76,0.0,0.0
ftc01,"09/20/2024 18:55",62.78,0.0,0.0
ftc01,"09/20/2024 19:00",62.98,0.0,0.0
ftc01,"09/20/2024 19:05",62.8,0.0,0.0
ftc01,"09/20/2024 19:10",63.52,0.0,0.0
ftc01,"09/20/2024 19:15",64.35,0.0,0.0
ftc01,"09/20/2024 19:20",64.72,0.0,0.0
ftc01,"09/20/2024 19:25",64.83,0.0,0.0
ftc01,"09/20/2024 19:30",64.9,0.0,0.0
ftc01,"09/20/2024 19:35",64.4,0.0,0.0
ftc01,"09/20/2024 19:40",64.02,0.0,0.0
ftc01,"09/20/2024 19:45",64.4,0.0,0.0
ftc01,"09/20/2024 19:50",65.23,0.0,0.0
ftc01,"09/20/2024 19:55",65.16,0.0,0.0
ftc01,"09/20/2024 20:00",64.22,0.0,0.0
ftc01,"09/20/2024 20:05",63.91,0.0,0.0
ftc01,"09/20/2024 20:10",64.0,0.0,0.0
ftc01,"09/20/2024 20:15",63.37,0.0,0.0
ftc01,"09/20/2024 20:20",64.38,0.0,0.0
ftc01,"09/20/2024 20:25",63.88,0.0,0.0
ftc01,"09/20/2024 20:30",63.9,0.0,0.0
ftc01,"09/20/2024 20:35",64.27,0.0,0.0
ftc01,"09/20/2024 20:40",64.76,0.0,0.0
ftc01,"09/20/2024 20:45",64.65,0.0,0.0
ftc01,"09/20/2024 20:50",64.45,0.0,0.0
ftc01,"09/20/2024 20:55",64.65,0.0,0.0
ftc01,"09/20/2024 21:00",64.44,0.0,0.0
ftc01,"09/20/2024 21:05",64.62,0.0,0.0
ftc01,"09/20/2024 21:10",63.86,0.0,0.0
ftc01,"09/20/2024 21:15",63.09,0.0,0.0
ftc01,"09/20/2024 21:20",62.96,0.0,0.0
ftc01,"09/20/2024 21:25",64.27,0.0,0.0
ftc01,"09/20/2024 21:30",66.38,0.0,0.0
ftc01,"09/20/2024 21:35",66.69,0.0,0.0
ftc01,"09/20/2024 21:40",68.22,0.0,0.0
ftc01,"09/20/2024 21:45",67.24,0.0,0.0
ftc01,"09/20/2024 21:50",65.79,0.0,0.0
ftc01,"09/20/2024 21:55",65.07,0.0,0.0
ftc01,"09/20/2024 22:00",64.2,0.0,0.0
ftc01,"09/20/2024 22:05",63.97,0.0,0.0
ftc01,"09/20/2024 22:10",63.54,0.0,0.0
ftc01,"09/20/2024 22:15",63.63,0.0,0.0
ftc01,"09/20/2024 22:20",63.91,0.0,0.0
ftc01,"09/20/2024 22:25",64.08,0.0,0.0
ftc01,"09/20/2024 22:30",64.17,0.0,0.0
ftc01,"09/20/2024 22:35",64.22,0.0,0.0
ftc01,"09/20/2024 22:40",63.12,0.0,0.0
ftc01,"09/20/2024 22:45",62.17,0.0,0.0
ftc01,"09/20/2024 22:50",63.09,0.0,0.0
ftc01,"09/20/2024 22:55",64.42,0.0,0.0
ftc01,"09/20/2024 23:00",64.85,0.0,0.0
ftc01,"09/20/2024 23:05",64.96,0.0,0.0
ftc01,"09/20/2024 23:10",64.9,0.0,0.0
ftc01,"09/20/2024 23:15",64.62,0.0,0.0
ftc01,"09/20/2024 23:20",64.4,0.0,0.0
ftc01,"09/20/2024 23:25",64.56,0.0,0.0
ftc01,"09/20/2024 23:30",64.69,0.0,0.0
ftc01,"09/20/2024 23:35",64.63,0.0,0.0
ftc01,"09/20/2024 23:40",64.06,0.0,0.0
ftc01,"09/20/2024 23:45",63.41,0.0,0.0
ftc01,"09/20/2024 23:50",63.28,0.0,0.0
ftc01,"09/20/2024 23:55",63.0,0.0,0.0
ftc01,"09/21/2024 00:00",63.82,0.0,0.0
ftc01,"09/21/2024 00:05",65.17,0.0,0.0
ftc01,"09/21/2024 00:10",66.15,0.0,0.0
ftc01,"09/21/2024 00:15",65.95,0.0,0.0
ftc01,"09/21/2024 00:20",65.64,0.0,0.0
ftc01,"09/21/2024 00:25",65.35,0.0,0.0
ftc01,"09/21/2024 00:30",65.25,0.0,0.0
ftc01,"09/21/2024 00:35",64.8,0.0,0.0
ftc01,"09/21/2024 00:40",64.18,0.0,0.0
ftc01,"09/21/2024 00:45",63.91,0.0,0.0
ftc01,"09/21/2024 00:50",63.55,0.0,0.0
ftc01,"09/21/2024 00:55",64.22,0.0,0.0
ftc01,"09/21/2024 01:00",67.03,0.0,0.0
ftc01,"09/21/2024 01:05",67.71,0.0,0.0
ftc01,"09/21/2024 01:10",67.03,0.0,0.0
ftc01,"09/21/2024 01:15",66.61,0.0,0.0
ftc01,"09/21/2024 01:20",66.38,0.0,0.0
ftc01,"09/21/2024 01:25",66.51,0.0,0.0
ftc01,"09/21/2024 01:30",65.64,0.0,0.0
ftc01,"09/21/2024 01:35",65.3,0.0,0.0
ftc01,"09/21/2024 01:40",65.17,0.0,0.0
ftc01,"09/21/2024 01:45",64.9,0.0,0.0
ftc01,"09/21/2024 01:50",64.92,0.0,0.0
ftc01,"09/21/2024 01:55",64.45,0.0,0.0
ftc01,"09/21/2024 02:00",63.95,0.0,0.0
ftc01,"09/21/2024 02:05",63.54,0.0,0.0
ftc01,"09/21/2024 02:10",63.37,0.0,0.0
ftc01,"09/21/2024 02:15",63.27,0.0,0.0
ftc01,"09/21/2024 02:20",63.48,0.0,0.0
ftc01,"09/21/2024 02:25",63.54,0.0,0.0
ftc01,"09/21/2024 02:30",63.37,0.0,0.0
ftc01,"09/21/2024 02:35",63.39,0.0,0.0
ftc01,"09/21/2024 02:40",63.19,0.0,0.0
ftc01,"09/21/2024 02:45",62.92,0.0,0.0
ftc01,"09/21/2024 02:50",62.62,0.0,0.0
ftc01,"09/21/2024 02:55",61.93,0.0,0.0
ftc01,"09/21/2024 03:00",61.63,0.0,0.0
ftc01,"09/21/2024 03:05",62.37,0.0,0.0
ftc01,"09/21/2024 03:10",63.12,0.0,0.0
ftc01,"09/21/2024 03:15",62.96,0.0,0.0
ftc01,"09/21/2024 03:20",62.35,0.0,0.0
ftc01,"09/21/2024 03:25",61.72,0.0,0.0
ftc01,"09/21/2024 03:30",61.14,0.0,0.0
ftc01,"09/21/2024 03:35",60.71,0.0,0.0
ftc01,"09/21/2024 03:40",60.12,0.0,0.0
ftc01,"09/21/2024 03:45",60.19,0.0,0.0
ftc01,"09/21/2024 03:50",60.85,0.0,0.0
ftc01,"09/21/2024 03:55",61.61,0.0,0.0
ftc01,"09/21/2024 04:00",61.77,0.0,0.0
ftc01,"09/21/2024 04:05",61.63,0.0,0.0
ftc01,"09/21/2024 04:10",61.86,0.0,0.0
ftc01,"09/21/2024 04:15",62.2,0.0,0.0
ftc01,"09/21/2024 04:20",62.2,0.0,0.0
ftc01,"09/21/2024 04:25",61.79,0.0,0.0
ftc01,"09/21/2024 04:30",61.2,0.0,0.0
ftc01,"09/21/2024 04:35",60.55,0.0,0.0
ftc01,"09/21/2024 04:40",60.06,0.0,0.0
ftc01,"09/21/2024 04:45",59.52,0.0,0.0
ftc01,"09/21/2024 04:50",59.16,0.0,0.0
ftc01,"09/21/2024 04:55",58.89,0.0,0.0
ftc01,"09/21/2024 05:00",58.62,0.0,0.0
ftc01,"09/21/2024 05:05",58.23,0.0,0.0
ftc01,"09/21/2024 05:10",57.69,0.0,0.0
ftc01,"09/21/2024 05:15",57.6,0.0,0.0
ftc01,"09/21/2024 05:20",57.27,0.0,0.0
ftc01,"09/21/2024 05:25",57.06,0.0,0.0
ftc01,"09/21/2024 05:30",56.84,0.23,0.0
ftc01,"09/21/2024 05:35",56.64,0.7,0.0
ftc01,"09/21/2024 05:40",57.04,1.52,0.0
ftc01,"09/21/2024 05:45",57.34,2.75,0.0
ftc01,"09/21/2024 05:50",57.36,4.57,0.0
ftc01,"09/21/2024 05:55",57.02,6.8,0.0
ftc01,"09/21/2024 06:00",57.29,9.2,0.0
ftc01,"09/21/2024 06:05",57.45,11.52,0.0
ftc01,"09/21/2024 06:10",57.36,16.45,0.0
ftc01,"09/21/2024 06:15",57.13,33.9,0.0
ftc01,"09/21/2024 06:20",56.97,50.55,0.0
ftc01,"09/21/2024 06:25",56.75,65.73,0.0
ftc01,"09/21/2024 06:30",56.61,82.47,0.0
ftc01,"09/21/2024 06:35",56.62,99.68,0.0
ftc01,"09/21/2024 06:40",57.6,115.63,0.0
ftc01,"09/21/2024 06:45",58.26,129.52,0.0
ftc01,"09/21/2024 06:50",58.37,143.33,0.0
ftc01,"09/21/2024 06:55",58.6,157.17,0.0
ftc01,"09/21/2024 07:00",58.8,171.83,0.0
ftc01,"09/21/2024 07:05",59.43,186.5,0.0
ftc01,"09/21/2024 07:10",60.03,201.17,0.0
ftc01,"09/21/2024 07:15",59.95,216.17,0.0
ftc01,"09/21/2024 07:20",60.08,231.17,0.0
ftc01,"09/21/2024 07:25",59.94,246.0,0.0
ftc01,"09/21/2024 07:30",60.13,261.5,0.0
ftc01,"09/21/2024 07:35",59.94,276.67,0.0
ftc01,"09/21/2024 07:40",60.28,291.5,0.0
ftc01,"09/21/2024 07:45",60.19,307.33,0.0
ftc01,"09/21/2024 07:50",60.26,322.0,0.0
ftc01,"09/21/2024 07:55",60.44,337.67,0.0
ftc01,"09/21/2024 08:00",60.82,352.5,0.0
ftc01,"09/21/2024 08:05",61.05,367.17,0.0
ftc01,"09/21/2024 08:10",61.21,382.17,0.0
ftc01,"09/21/2024 08:15",61.38,396.5,0.0
ftc01,"09/21/2024 08:20",61.81,411.0,0.0
ftc01,"09/21/2024 08:25",62.1,424.83,0.0
ftc01,"09/21/2024 08:30",62.26,439.17,0.0
ftc01,"09/21/2024 08:35",61.75,453.17,0.0
ftc01,"09/21/2024 08:40",62.33,466.67,0.0
ftc01,"09/21/2024 08:45",61.95,479.83,0.0
ftc01,"09/21/2024 08:50",61.86,492.83,0.0
ftc01,"09/21/2024 08:55",61.9,505.67,0.0
ftc01,"09/21/2024 09:00",62.1,518.5,0.0
ftc01,"09/21/2024 09:05",62.69,530.67,0.0
ftc01,"09/21/2024 09:10",62.8,542.67,0.0
ftc01,"09/21/2024 09:15",63.39,555.17,0.0
ftc01,"09/21/2024 09:20",63.36,566.67,0.0
ftc01,"09/21/2024 09:25",63.68,578.17,0.0
ftc01,"09/21/2024 09:30",63.72,589.0,0.0
ftc01,"09/21/2024 09:35",63.79,599.33,0.0
ftc01,"09/21/2024 09:40",64.54,610.33,0.0
ftc01,"09/21/2024 09:45",64.8,621.0,0.0
ftc01,"09/21/2024 09:50",64.62,630.0,0.0
ftc01,"09/21/2024 09:55",64.13,639.5,0.0
ftc01,"09/21/2024 10:00",64.45,648.33,0.0
ftc01,"09/21/2024 10:05",64.58,656.67,0.0
ftc01,"09/21/2024 10:10",65.07,665.17,0.0
ftc01,"09/21/2024 10:15",64.67,673.17,0.0
ftc01,"09/21/2024 10:20",64.35,681.0,0.0
ftc01,"09/21/2024 10:25",64.81,687.83,0.0
ftc01,"09/21/2024 10:30",65.86,695.5,0.0
ftc01,"09/21/2024 10:35",65.8,702.83,0.0
ftc01,"09/21/2024 10:40",65.1,708.5,0.0
ftc01,"09/21/2024 10:45",65.71,715.17,0.0
ftc01,"09/21/2024 10:50",65.23,720.83,0.0
ftc01,"09/21/2024 10:55",65.26,726.17,0.0
ftc01,"09/21/2024 11:00",65.53,730.67,0.0
ftc01,"09/21/2024 11:05",65.89,734.83,0.0
ftc01,"09/21/2024 11:10",66.49,739.33,0.0
ftc01,"09/21/2024 11:15",66.49,742.17,0.0
ftc01,"09/21/2024 11:20",66.29,745.5,0.0
ftc01,"09/21/2024 11:25",66.06,748.83,0.0
ftc01,"09/21/2024 11:30",66.18,751.67,0.0
ftc01,"09/21/2024 11:35",66.97,754.67,0.0
ftc01,"09/21/2024 11:40",67.62,757.5,0.0
ftc01,"09/21/2024 11:45",68.13,758.5,0.0
ftc01,"09/21/2024 11:50",67.3,758.5,0.0
ftc01,"09/21/2024 11:55",67.3,759.5,0.0
ftc01,"09/21/2024 12:00",67.95,762.33,0.0
ftc01,"09/21/2024 12:05",67.96,753.0,0.0
ftc01,"09/21/2024 12:10",68.36,765.0,0.0
ftc01,"09/21/2024 12:15",68.16,768.83,0.0
ftc01,"09/21/2024 12:20",68.92,737.0,0.0
ftc01,"09/21/2024 12:25",69.17,719.83,0.0
ftc01,"09/21/2024 12:30",69.13,765.67,0.0
ftc01,"09/21/2024 12:35",69.26,758.67,0.0
ftc01,"09/21/2024 12:40",68.95,753.67,0.0
ftc01,"09/21/2024 12:45",69.39,742.0,0.0
ftc01,"09/21/2024 12:50",69.44,740.67,0.0
ftc01,"09/21/2024 12:55",69.71,735.17,0.0
ftc01,"09/21/2024 13:00",69.55,745.33,0.0
ftc01,"09/21/2024 13:05",69.75,635.67,0.0
ftc01,"09/21/2024 13:10",69.49,578.17,0.0
ftc01,"09/21/2024 13:15",69.66,670.5,0.0
ftc01,"09/21/2024 13:20",70.38,758.17,0.0
ftc01,"09/21/2024 13:25",71.24,713.67,0.0
ftc01,"09/21/2024 13:30",70.56,388.67,0.0
ftc01,"09/21/2024 13:35",68.94,250.0,0.0
ftc01,"09/21/2024 13:40",68.65,693.67,0.0
ftc01,"09/21/2024 13:45",69.19,774.5,0.0
ftc01,"09/21/2024 13:50",69.91,635.5,0.0
ftc01,"09/21/2024 13:55",70.14,462.0,0.0
ftc01,"09/21/2024 14:00",68.83,201.0,0.0
ftc01,"09/21/2024 14:05",68.68,627.5,0.0
ftc01,"09/21/2024 14:10",69.48,657.33,0.0
ftc01,"09/21/2024 14:15",69.44,613.0,0.0
ftc01,"09/21/2024 14:20",69.84,521.33,0.0
ftc01,"09/21/2024 14:25",69.62,615.33,0.0
ftc01,"09/21/2024 14:30",70.07,555.17,0.0
ftc01,"09/21/2024 14:35",70.36,473.83,0.0
ftc01,"09/21/2024 14:40",69.55,271.33,0.0
ftc01,"09/21/2024 14:45",68.61,221.33,0.0
ftc01,"09/21/2024 14:50",68.22,201.17,0.0
ftc01,"09/21/2024 14:55",67.87,183.0,0.0
ftc01,"09/21/2024 15:00",67.73,179.83,0.0
ftc01,"09/21/2024 15:05",67.55,175.5,0.0
ftc01,"09/21/2024 15:10",67.24,157.5,0.0
ftc01,"09/21/2024 15:15",66.97,147.83,0.0
ftc01,"09/21/2024 15:20",66.83,141.5,0.0
ftc01,"09/21/2024 15:25",66.7,135.17,0.0
ftc01,"09/21/2024 15:30",66.52,127.42,0.0
ftc01,"09/21/2024 15:35",66.47,122.78,0.0
ftc01,"09/21/2024 15:40",66.47,115.65,0.0
ftc01,"09/21/2024 15:45",66.47,103.82,0.0
ftc01,"09/21/2024 15:50",66.16,94.88,0.0
ftc01,"09/21/2024 15:55",65.95,88.03,0.0
ftc01,"09/21/2024 16:00",65.64,78.65,0.0
ftc01,"09/21/2024 16:05",65.46,68.5,0.0
ftc01,"09/21/2024 16:10",65.26,60.48,0.0
ftc01,"09/21/2024 16:15",65.17,53.73,0.0
ftc01,"09/21/2024 16:20",65.08,45.35,0.0
ftc01,"09/21/2024 16:25",64.98,36.12,0.0
ftc01,"09/21/2024 16:30",64.81,31.5,0.0
ftc01,"09/21/2024 16:35",64.65,27.23,0.0
ftc01,"09/21/2024 16:40",64.45,24.93,0.0
ftc01,"09/21/2024 16:45",64.24,24.43,0.0
ftc01,"09/21/2024 16:50",64.0,27.13,0.0
ftc01,"09/21/2024 16:55",64.08,28.92,0.0
ftc01,"09/21/2024 17:00",64.15,31.82,0.0
ftc01,"09/21/2024 17:05",63.97,32.23,0.0
ftc01,"09/21/2024 17:10",63.72,27.78,0.0
ftc01,"09/21/2024 17:15",63.66,19.63,0.0
ftc01,"09/21/2024 17:20",63.54,13.28,0.0
ftc01,"09/21/2024 17:25",63.23,10.38,0.0
ftc01,"09/21/2024 17:30",62.96,7.58,0.0
ftc01,"09/21/2024 17:35",62.71,6.4,0.0
ftc01,"09/21/2024 17:40",62.47,5.78,0.0
ftc01,"09/21/2024 17:45",62.49,3.83,0.0
ftc01,"09/21/2024 17:50",62.6,1.93,0.0
ftc01,"09/21/2024 17:55",62.56,0.82,0.0
ftc01,"09/21/2024 18:00",62.53,0.5,0.0
ftc01,"09/21/2024 18:05",62.38,0.02,0.0
ftc01,"09/21/2024 18:10",62.1,0.0,0.0
ftc01,"09/21/2024 18:15",62.13,0.0,0.0
ftc01,"09/21/2024 18:20",62.22,0.0,0.0
ftc01,"09/21/2024 18:25",62.19,0.0,0.0
ftc01,"09/21/2024 18:30",62.11,0.0,0.0
ftc01,"09/21/2024 18:35",62.01,0.0,0.0
ftc01,"09/21/2024 18:40",61.99,0.0,0.0
ftc01,"09/21/2024 18:45",61.9,0.0,0.0
ftc01,"09/21/2024 18:50",61.84,0.0,0.0
ftc01,"09/21/2024 18:55",61.93,0.0,0.0
ftc01,"09/21/2024 19:00",62.01,0.0,0.0
ftc01,"09/21/2024 19:05",61.92,0.0,0.0
ftc01,"09/21/2024 19:10",61.84,0.0,0.0
ftc01,"09/21/2024 19:15",61.83,0.0,0.0
ftc01,"09/21/2024 19:20",61.81,0.0,0.0
ftc01,"09/21/2024 19:25",61.65,0.0,0.0
ftc01,"09/21/2024 19:30",61.52,0.0,0.0
ftc01,"09/21/2024 19:35",61.45,0.0,0.0
ftc01,"09/21/2024 19:40",61.48,0.0,0.0
ftc01,"09/21/2024 19:45",61.41,0.0,0.0
ftc01,"09/21/2024 19:50",61.39,0.0,0.0
ftc01,"09/21/2024 19:55",61.32,0.0,0.0
ftc01,"09/21/2024 20:00",61.09,0.0,0.0
ftc01,"09/21/2024 20:05",60.87,0.0,0.0
ftc01,"09/21/2024 20:10",60.75,0.0,0.0
ftc01,"09/21/2024 20:15",60.58,0.0,0.0
ftc01,"09/21/2024 20:20",60.42,0.0,0.0
ftc01,"09/21/2024 20:25",60.31,0.0,0.0
ftc01,"09/21/2024 20:30",60.13,0.0,0.0
ftc01,"09/21/2024 20:35",59.99,0.0,0.0
ftc01,"09/21/2024 20:40",59.83,0.0,0.0
ftc01,"09/21/2024 20:45",59.67,0.0,0.0
ftc01,"09/21/2024 20:50",59.54,0.0,0.0
ftc01,"09/21/2024 20:55",59.41,0.0,0.0
ftc01,"09/21/2024 21:00",59.25,0.0,0.0
ftc01,"09/21/2024 21:05",59.11,0.0,0.0
ftc01,"09/21/2024 21:10",59.04,0.0,0.0
ftc01,"09/21/2024 21:15",58.87,0.0,0.0
ftc01,"09/21/2024 21:20",58.73,0.0,0.0
ftc01,"09/21/2024 21:25",58.68,0.0,0.0
ftc01,"09/21/2024 21:30",58.51,0.0,0.0
ftc01,"09/21/2024 21:35",58.33,0.0,0.0
ftc01,"09/21/2024 21:40",58.17,0.0,0.0
ftc01,"09/21/2024 21:45",57.85,0.0,0.0
ftc01,"09/21/2024 21:50",57.09,0.0,0.0
ftc01,"09/21/2024 21:55",56.3,0.0,0.0
ftc01,"09/21/2024 22:00",55.36,0.0,0.0
ftc01,"09/21/2024 22:05",54.41,0.0,0.0
ftc01,"09/21/2024 22:10",53.91,0.0,0.0
ftc01,"09/21/2024 22:15",53.42,0.0,0.0
ftc01,"09/21/2024 22:20",52.9,0.0,0.0
ftc01,"09/21/2024 22:25",52.52,0.0,0.0
ftc01,"09/21/2024 22:30",52.16,0.0,0.0
ftc01,"09/21/2024 22:35",52.03,0.0,0.0
ftc01,"09/21/2024 22:40",51.89,0.0,0.0
ftc01,"09/21/2024 22:45",51.71,0.0,0.0
ftc01,"09/21/2024 22:50",51.6,0.0,0.0
ftc01,"09/21/2024 22:55",51.53,0.0,0.0
ftc01,"09/21/2024 23:00",51.48,0.0,0.0
ftc01,"09/21/2024 23:05",51.39,0.0,0.0
ftc01,"09/21/2024 23:10",51.22,0.0,0.0
ftc01,"09/21/2024 23:15",51.12,0.0,0.0
ftc01,"09/21/2024 23:20",50.74,0.0,0.0
ftc01,"09/21/2024 23:25",50.49,0.0,0.0
ftc01,"09/21/2024 23:30",50.34,0.0,0.0
ftc01,"09/21/2024 23:35",50.27,0.0,0.0
ftc01,"09/21/2024 23:40",50.29,0.0,0.0
ftc01,"09/21/2024 23:45",50.34,0.0,0.0
ftc01,"09/21/2024 23:50",50.32,0.0,0.0
ftc01,"09/21/2024 23:55",50.34,0.0,0.0
ftc01,"09/22/2024 00:00",50.47,0.0,0.0
ftc01,"09/22/2024 00:05",50.68,0.0,0.0
ftc01,"09/22/2024 00:10",50.9,0.0,0.0
ftc01,"09/22/2024 00:15",51.1,0.0,0.0
ftc01,"09/22/2024 00:20",51.31,0.0,0.0
ftc01,"09/22/2024 00:25",51.42,0.0,0.0
ftc01,"09/22/2024 00:30",51.46,0.0,0.0
ftc01,"09/22/2024 00:35",51.44,0.0,0.0
ftc01,"09/22/2024 00:40",51.3,0.0,0.0
ftc01,"09/22/2024 00:45",51.01,0.0,0.0
ftc01,"09/22/2024 00:50",50.68,0.0,0.0
ftc01,"09/22/2024 00:55",50.23,0.0,0.0
ftc01,"09/22/2024 01:00",49.71,0.0,0.0
ftc01,"09/22/2024 01:05",49.19,0.0,0.0
ftc01,"09/22/2024 01:10",48.52,0.0,0.01
ftc01,"09/22/2024 01:15",47.84,0.0,0.0
ftc01,"09/22/2024 01:20",47.35,0.0,0.01
ftc01,"09/22/2024 01:25",47.08,0.0,0.0
ftc01,"09/22/2024 01:30",46.92,0.0,0.0
ftc01,"09/22/2024 01:35",46.81,0.0,0.0
ftc01,"09/22/2024 01:40",46.8,0.0,0.0
ftc01,"09/22/2024 01:45",46.81,0.0,0.0
ftc01,"09/22/2024 01:50",46.87,0.0,0.0
ftc01,"09/22/2024 01:55",46.9,0.0,0.0
ftc01,"09/22/2024 02:00",47.01,0.0,0.0
ftc01,"09/22/2024 02:05",47.05,0.0,0.0
ftc01,"09/22/2024 02:10",47.03,0.0,0.0
ftc01,"09/22/2024 02:15",46.85,0.0,0.0
ftc01,"09/22/2024 02:20",46.78,0.0,0.01
ftc01,"09/22/2024 02:25",46.69,0.0,0.0
ftc01,"09/22/2024 02:30",46.6,0.0,0.01
ftc01,"09/22/2024 02:35",46.56,0.0,0.0
ftc01,"09/22/2024 02:40",46.58,0.0,0.01
ftc01,"09/22/2024 02:45",46.6,0.0,0.01
ftc01,"09/22/2024 02:50",46.56,0.0,0.01
ftc01,"09/22/2024 02:55",46.33,0.0,0.0
ftc01,"09/22/2024 03:00",46.31,0.0,0.0
ftc01,"09/22/2024 03:05",46.29,0.0,0.01
ftc01,"09/22/2024 03:10",46.23,0.0,0.0
ftc01,"09/22/2024 03:15",46.2,0.0,0.0
ftc01,"09/22/2024 03:20",46.21,0.0,0.0
ftc01,"09/22/2024 03:25",46.13,0.0,0.01
ftc01,"09/22/2024 03:30",46.13,0.0,0.0
ftc01,"09/22/2024 03:35",46.17,0.0,0.0
ftc01,"09/22/2024 03:40",46.18,0.0,0.01
ftc01,"09/22/2024 03:45",46.22,0.0,0.0
ftc01,"09/22/2024 03:50",46.19,0.0,0.0
ftc01,"09/22/2024 03:55",46.21,0.0,0.0
ftc01,"09/22/2024 04:00",46.24,0.0,0.0
ftc01,"09/22/2024 04:05",46.21,0.0,0.01
ftc01,"09/22/2024 04:10",46.22,0.0,0.0
ftc01,"09/22/2024 04:15",46.2,0.0,0.0
ftc01,"09/22/2024 04:20",46.25,0.0,0.01
ftc01,"09/22/2024 04:25",46.25,0.0,0.0
ftc01,"09/22/2024 04:30",46.26,0.0,0.0
ftc01,"09/22/2024 04:35",46.25,0.0,0.01
ftc01,"09/22/2024 04:40",46.26,0.0,0.0
ftc01,"09/22/2024 04:45",46.24,0.0,0.01
ftc01,"09/22/2024 04:50",46.17,0.0,0.01
ftc01,"09/22/2024 04:55",46.15,0.0,0.0
ftc01,"09/22/2024 05:00",46.15,0.0,0.01
ftc01,"09/22/2024 05:05",46.16,0.0,0.0
ftc01,"09/22/2024 05:10",46.24,0.0,0.0
ftc01,"09/22/2024 05:15",46.37,0.0,0.01
ftc01,"09/22/2024 05:20",46.49,0.0,0.0
ftc01,"09/22/2024 05:25",46.44,0.0,0.0
ftc01,"09/22/2024 05:30",46.34,0.0,0.0
ftc01,"09/22/2024 05:35",46.33,0.0,0.0
ftc01,"09/22/2024 05:40",46.28,0.08,0.0
ftc01,"09/22/2024 05:45",46.21,0.7,0.0
ftc01,"09/22/2024 05:50",46.08,1.35,0.0
ftc01,"09/22/2024 05:55",46.0,1.85,0.0
ftc01,"09/22/2024 06:00",46.02,3.15,0.0
ftc01,"09/22/2024 06:05",45.96,6.25,0.0
ftc01,"09/22/2024 06:10",45.87,10.05,0.0
ftc01,"09/22/2024 06:15",45.83,13.3,0.0
ftc01,"09/22/2024 06:20",45.92,16.18,0.0
ftc01,"09/22/2024 06:25",45.97,16.65,0.0
ftc01,"09/22/2024 06:30",46.11,16.88,0.0
ftc01,"09/22/2024 06:35",46.26,18.18,0.0
ftc01,"09/22/2024 06:40",46.4,20.57,0.0
ftc01,"09/22/2024 06:45",46.44,20.12,0.0
ftc01,"09/22/2024 06:50",46.53,18.88,0.0
ftc01,"09/22/2024 06:55",46.6,18.65,0.0
ftc01,"09/22/2024 07:00",46.6,16.23,0.0
ftc01,"09/22/2024 07:05",46.53,26.9,0.0
ftc01,"09/22/2024 07:10",46.51,31.05,0.0
ftc01,"09/22/2024 07:15",46.6,32.33,0.0
ftc01,"09/22/2024 07:20",46.69,34.0,0.0
ftc01,"09/22/2024 07:25",46.71,41.52,0.0
ftc01,"09/22/2024 07:30",46.8,88.92,0.0
ftc01,"09/22/2024 07:35",47.25,108.23,0.0
ftc01,"09/22/2024 07:40",47.25,93.08,0.0
ftc01,"09/22/2024 07:45",47.34,96.5,0.0
ftc01,"09/22/2024 07:50",47.43,133.5,0.0
ftc01,"09/22/2024 07:55",47.62,158.67,0.0
ftc01,"09/22/2024 08:00",47.95,175.67,0.0
ftc01,"09/22/2024 08:05",48.16,149.0,0.0
ftc01,"09/22/2024 08:10",48.2,156.67,0.0
ftc01,"09/22/2024 08:15",48.27,147.5,0.0
ftc01,"09/22/2024 08:20",48.2,126.82,0.0
ftc01,"09/22/2024 08:25",48.22,136.33,0.0
ftc01,"09/22/2024 08:30",48.49,142.17,0.0
ftc01,"09/22/2024 08:35",48.54,126.85,0.0
ftc01,"09/22/2024 08:40",48.52,162.17,0.0
ftc01,"09/22/2024 08:45",48.54,136.0,0.0
ftc01,"09/22/2024 08:50",48.49,101.73,0.0
ftc01,"09/22/2024 08:55",48.56,114.07,0.0
ftc01,"09/22/2024 09:00",48.67,186.17,0.0
ftc01,"09/22/2024 09:05",48.97,234.5,0.0
ftc01,"09/22/2024 09:10",48.88,151.0,0.0
ftc01,"09/22/2024 09:15",48.81,281.5,0.0
ftc01,"09/22/2024 09:20",49.01,334.83,0.0
ftc01,"09/22/2024 09:25",49.48,375.0,0.0
ftc01,"09/22/2024 09:30",49.96,466.83,0.0
ftc01,"09/22/2024 09:35",50.79,642.5,0.0
ftc01,"09/22/2024 09:40",51.35,518.5,0.0
ftc01,"09/22/2024 09:45",51.82,563.83,0.0
ftc01,"09/22/2024 09:50",52.29,584.67,0.0
ftc01,"09/22/2024 09:55",52.72,590.0,0.0
ftc01,"09/22/2024 10:00",53.51,863.5,0.0
ftc01,"09/22/2024 10:05",53.98,748.33,0.0
ftc01,"09/22/2024 10:10",54.0,552.17,0.0
ftc01,"09/22/2024 10:15",54.54,855.0,0.0
ftc01,"09/22/2024 10:20",54.7,649.17,0.0
ftc01,"09/22/2024 10:25",55.27,909.83,0.0
ftc01,"09/22/2024 10:30",56.39,903.17,0.0
ftc01,"09/22/2024 10:35",56.16,884.5,0.0
ftc01,"09/22/2024 10:40",56.43,804.5,0.0
ftc01,"09/22/2024 10:45",56.23,591.83,0.0
ftc01,"09/22/2024 10:50",55.29,507.5,0.0
ftc01,"09/22/2024 10:55",55.76,684.33,0.0
ftc01,"09/22/2024 11:00",56.19,730.67,0.0
ftc01,"09/22/2024 11:05",56.37,657.0,0.0
ftc01,"09/22/2024 11:10",56.12,461.17,0.0
ftc01,"09/22/2024 11:15",55.38,304.17,0.0
ftc01,"09/22/2024 11:20",55.27,294.17,0.0
ftc01,"09/22/2024 11:25",55.2,268.17,0.0
ftc01,"09/22/2024 11:30",55.02,255.83,0.0
ftc01,"09/22/2024 11:35",55.06,222.5,0.0
ftc01,"09/22/2024 11:40",54.55,219.5,0.0
ftc01,"09/22/2024 11:45",54.7,534.17,0.0
ftc01,"09/22/2024 11:50",56.01,430.67,0.0
ftc01,"09/22/2024 11:55",55.74,181.33,0.0
ftc01,"09/22/2024 12:00",55.13,181.67,0.0
ftc01,"09/22/2024 12:05",55.06,481.83,0.0
ftc01,"09/22/2024 12:10",56.98,739.5,0.0
ftc01,"09/22/2024 12:15",57.7,736.0,0.0
ftc01,"09/22/2024 12:20",57.79,784.67,0.0
ftc01,"09/22/2024 12:25",58.39,877.83,0.0
ftc01,"09/22/2024 12:30",59.0,905.17,0.0
ftc01,"09/22/2024 12:35",59.02,921.33,0.0
ftc01,"09/22/2024 12:40",59.45,905.67,0.0
ftc01,"09/22/2024 12:45",59.45,717.0,0.0
ftc01,"09/22/2024 12:50",58.3,652.33,0.0
ftc01,"09/22/2024 12:55",58.57,625.0,0.0
ftc01,"09/22/2024 13:00",58.05,502.5,0.0
ftc01,"09/22/2024 13:05",58.08,628.83,0.0
ftc01,"09/22/2024 13:10",59.02,691.5,0.0
ftc01,"09/22/2024 13:15",60.24,603.33,0.0
ftc01,"09/22/2024 13:20",59.9,543.5,0.0
ftc01,"09/22/2024 13:25",59.88,678.33,0.0
ftc01,"09/22/2024 13:30",60.84,686.0,0.0
ftc01,"09/22/2024 13:35",60.28,702.5,0.0
ftc01,"09/22/2024 13:40",60.87,630.83,0.0
ftc01,"09/22/2024 13:45",60.58,701.17,0.0
ftc01,"09/22/2024 13:50",60.62,754.67,0.0
ftc01,"09/22/2024 13:55",61.3,732.67,0.0
ftc01,"09/22/2024 14:00",61.81,718.67,0.0
ftc01,"09/22/2024 14:05",61.11,712.17,0.0
ftc01,"09/22/2024 14:10",61.27,663.67,0.0
ftc01,"09/22/2024 14:15",61.47,664.33,0.0
ftc01,"09/22/2024 14:20",61.72,649.0,0.0
ftc01,"09/22/2024 14:25",62.24,663.5,0.0
ftc01,"09/22/2024 14:30",61.99,622.17,0.0
ftc01,"09/22/2024 14:35",62.02,571.83,0.0
ftc01,"09/22/2024 14:40",61.88,600.5,0.0
ftc01,"09/22/2024 14:45",61.75,582.5,0.0
ftc01,"09/22/2024 14:50",61.66,475.67,0.0
ftc01,"09/22/2024 14:55",61.52,578.5,0.0
ftc01,"09/22/2024 15:00",62.02,560.0,0.0
ftc01,"09/22/2024 15:05",62.17,538.67,0.0
ftc01,"09/22/2024 15:10",62.4,509.67,0.0
ftc01,"09/22/2024 15:15",61.79,453.83,0.0
ftc01,"09/22/2024 15:20",62.4,470.83,0.0
ftc01,"09/22/2024 15:25",61.92,451.5,0.0
ftc01,"09/22/2024 15:30",61.56,431.83,0.0
ftc01,"09/22/2024 15:35",61.47,413.83,0.0
ftc01,"09/22/2024 15:40",61.47,396.33,0.0
ftc01,"09/22/2024 15:45",61.56,379.67,0.0
ftc01,"09/22/2024 15:50",62.02,363.33,0.0
ftc01,"09/22/2024 15:55",61.65,347.0,0.0
ftc01,"09/22/2024 16:00",61.77,331.33,0.0
ftc01,"09/22/2024 16:05",61.86,315.0,0.0
ftc01,"09/22/2024 16:10",61.27,298.67,0.0
ftc01,"09/22/2024 16:15",61.36,282.17,0.0
ftc01,"09/22/2024 16:20",61.61,266.67,0.0
ftc01,"09/22/2024 16:25",61.3,251.5,0.0
ftc01,"09/22/2024 16:30",61.45,235.67,0.0
ftc01,"09/22/2024 16:35",61.41,219.67,0.0
ftc01,"09/22/2024 16:40",61.0,202.5,0.0
ftc01,"09/22/2024 16:45",60.93,188.33,0.0
ftc01,"09/22/2024 16:50",60.96,173.0,0.0
ftc01,"09/22/2024 16:55",60.64,158.17,0.0
ftc01,"09/22/2024 17:00",60.24,143.67,0.0
ftc01,"09/22/2024 17:05",60.06,129.47,0.0
ftc01,"09/22/2024 17:10",59.7,114.25,0.0
ftc01,"09/22/2024 17:15",59.54,99.43,0.0
ftc01,"09/22/2024 17:20",59.34,82.7,0.0
ftc01,"09/22/2024 17:25",59.04,51.88,0.0
ftc01,"09/22/2024 17:30",58.39,16.2,0.0
ftc01,"09/22/2024 17:35",57.81,11.48,0.0
ftc01,"09/22/2024 17:40",57.38,8.9,0.0
ftc01,"09/22/2024 17:45",57.0,7.63,0.0
ftc01,"09/22/2024 17:50",56.61,6.42,0.0
ftc01,"09/22/2024 17:55",56.34,5.0,0.0
ftc01,"09/22/2024 18:00",55.94,3.6,0.0
ftc01,"09/22/2024 18:05",55.31,2.23,0.0
ftc01,"09/22/2024 18:10",54.81,1.2,0.0
ftc01,"09/22/2024 18:15",54.32,0.65,0.0
ftc01,"09/22/2024 18:20",53.58,0.05,0.0
ftc01,"09/22/2024 18:25",52.93,0.0,0.0
ftc01,"09/22/2024 18:30",52.38,0.0,0.0
ftc01,"09/22/2024 18:35",51.82,0.0,0.0
ftc01,"09/22/2024 18:40",51.33,0.0,0.0
ftc01,"09/22/2024 18:45",50.83,0.0,0.0
ftc01,"09/22/2024 18:50",50.43,0.0,0.0
ftc01,"09/22/2024 18:55",50.45,0.0,0.0
ftc01,"09/22/2024 19:00",50.13,0.0,0.0
ftc01,"09/22/2024 19:05",49.91,0.0,0.0
ftc01,"09/22/2024 19:10",49.71,0.0,0.0
ftc01,"09/22/2024 19:15",49.21,0.0,0.0
ftc01,"09/22/2024 19:20",48.67,0.0,0.0
ftc01,"09/22/2024 19:25",47.89,0.0,0.0
ftc01,"09/22/2024 19:30",47.44,0.0,0.0
ftc01,"09/22/2024 19:35",48.27,0.0,0.0
ftc01,"09/22/2024 19:40",49.03,0.0,0.0
ftc01,"09/22/2024 19:45",49.5,0.0,0.0
ftc01,"09/22/2024 19:50",50.14,0.0,0.0
ftc01,"09/22/2024 19:55",50.41,0.0,0.0
ftc01,"09/22/2024 20:00",50.36,0.0,0.0
ftc01,"09/22/2024 20:05",50.14,0.0,0.0
ftc01,"09/22/2024 20:10",49.82,0.0,0.0
ftc01,"09/22/2024 20:15",50.04,0.0,0.0
ftc01,"09/22/2024 20:20",50.13,0.0,0.0
ftc01,"09/22/2024 20:25",50.22,0.0,0.0
ftc01,"09/22/2024 20:30",50.2,0.0,0.0
ftc01,"09/22/2024 20:35",49.8,0.0,0.0
ftc01,"09/22/2024 20:40",49.42,0.0,0.0
ftc01,"09/22/2024 20:45",48.96,0.0,0.0
ftc01,"09/22/2024 20:50",48.63,0.0,0.0
ftc01,"09/22/2024 20:55",48.7,0.0,0.0
ftc01,"09/22/2024 21:00",48.67,0.0,0.0
ftc01,"09/22/2024 21:05",48.34,0.0,0.0
ftc01,"09/22/2024 21:10",47.91,0.0,0.0
ftc01,"09/22/2024 21:15",47.71,0.0,0.0
ftc01,"09/22/2024 21:20",47.32,0.0,0.0
ftc01,"09/22/2024 21:25",47.21,0.0,0.0
ftc01,"09/22/2024 21:30",47.17,0.0,0.0
ftc01,"09/22/2024 21:35",47.16,0.0,0.0
ftc01,"09/22/2024 21:40",47.3,0.0,0.0
ftc01,"09/22/2024 21:45",47.88,0.0,0.0
ftc01,"09/22/2024 21:50",47.05,0.0,0.0
ftc01,"09/22/2024 21:55",45.05,0.0,0.0
ftc01,"09/22/2024 22:00",44.49,0.0,0.0
ftc01,"09/22/2024 22:05",44.74,0.0,0.0
ftc01,"09/22/2024 22:10",45.19,0.0,0.0
ftc01,"09/22/2024 22:15",45.41,0.0,0.0
ftc01,"09/22/2024 22:20",45.36,0.0,0.0
ftc01,"09/22/2024 22:25",44.97,0.0,0.0
ftc01,"09/22/2024 22:30",44.92,0.0,0.0
ftc01,"09/22/2024 22:35",44.95,0.0,0.0
ftc01,"09/22/2024 22:40",45.05,0.0,0.0
ftc01,"09/22/2024 22:45",44.78,0.0,0.0
ftc01,"09/22/2024 22:50",44.6,0.0,0.0
ftc01,"09/22/2024 22:55",44.4,0.0,0.0
ftc01,"09/22/2024 23:00",44.16,0.0,0.0
ftc01,"09/22/2024 23:05",43.83,0.0,0.0
ftc01,"09/22/2024 23:10",44.07,0.0,0.0
ftc01,"09/22/2024 23:15",44.05,0.0,0.0
ftc01,"09/22/2024 23:20",43.91,0.0,0.0
ftc01,"09/22/2024 23:25",43.46,0.0,0.0
ftc01,"09/22/2024 23:30",42.73,0.0,0.0
ftc01,"09/22/2024 23:35",42.55,0.0,0.0
ftc01,"09/22/2024 23:40",42.37,0.0,0.0
ftc01,"09/22/2024 23:45",41.9,0.0,0.0
ftc01,"09/22/2024 23:50",41.64,0.0,0.0
ftc01,"09/22/2024 23:55",41.78,0.0,0.0
